<DOMDocument timeline="93743274388960610000"><library><item name="BorderDown" itemType="Sprite" linkageExportForAS="" linkageClassName=""/><item name="BorderLine" itemType="Sprite" linkageExportForAS="" linkageClassName=""/><item name="BorderUp" itemType="Sprite" linkageExportForAS="" linkageClassName=""/><item name="button 30" itemType="Button" linkageExportForAS="" linkageClassName=""/><item name="MoniterDown" itemType="Sprite" linkageExportForAS="" linkageClassName=""/><item name="ScreenArea" itemType="Sprite" linkageExportForAS="" linkageClassName=""/><item name="untitled folder 1/button 34" itemType="Button" linkageExportForAS="" linkageClassName=""/><item name="untitled folder 1/button 37" itemType="Button" linkageExportForAS="" linkageClassName=""/><item name="untitled folder 1/shape 7 (Hit)" itemType="Sprite" linkageExportForAS="" linkageClassName=""/><item name="untitled folder 1/shape 10" itemType="Sprite" linkageExportForAS="" linkageClassName=""/><item name="untitled folder 1/shape 24" itemType="Sprite" linkageExportForAS="" linkageClassName=""/><item name="untitled folder 1/shape 27 (Up)" itemType="Sprite" linkageExportForAS="" linkageClassName=""/><item name="untitled folder 1/shape 28 (Over Down)" itemType="Sprite" linkageExportForAS="" linkageClassName=""/><item name="untitled folder 1/shape 29 (Hit)" itemType="Sprite" linkageExportForAS="" linkageClassName=""/><item name="untitled folder 1/shape 31 (Up)" itemType="Sprite" linkageExportForAS="" linkageClassName=""/><item name="untitled folder 1/shape 32 (Over Down)" itemType="Sprite" linkageExportForAS="" linkageClassName=""/><item name="untitled folder 1/shape 33 (Hit)" itemType="Sprite" linkageExportForAS="" linkageClassName=""/><item name="untitled folder 1/shape 35 (Up)" itemType="Sprite" linkageExportForAS="" linkageClassName=""/><item name="untitled folder 1/shape 36 (Over Down)" itemType="Sprite" linkageExportForAS="" linkageClassName=""/><item name="untitled folder 1/sprite 25" itemType="Sprite" linkageExportForAS="" linkageClassName=""/><item name="02116336521949802000" itemType="Bitmap" linkageExportForAS="" linkageClassName=""/><item name="02295079382958165000" itemType="Bitmap" linkageExportForAS="" linkageClassName=""/><item name="14095465468202983000" itemType="Bitmap" linkageExportForAS="" linkageClassName=""/><item name="21380384573111500000" itemType="Bitmap" linkageExportForAS="" linkageClassName=""/><item name="30247729671032840000" itemType="Bitmap" linkageExportForAS="" linkageClassName=""/><item name="39714184272488295000" itemType="Bitmap" linkageExportForAS="" linkageClassName=""/><item name="41109933502580630000" itemType="Bitmap" linkageExportForAS="" linkageClassName=""/><item name="41999326931556970000" itemType="Bitmap" linkageExportForAS="" linkageClassName=""/><item name="43825163740993010000" itemType="Bitmap" linkageExportForAS="" linkageClassName=""/><item name="49479718137056450000" itemType="Bitmap" linkageExportForAS="" linkageClassName=""/><item name="63054841687883320000" itemType="Bitmap" linkageExportForAS="" linkageClassName=""/><item name="69819050419319060000" itemType="Bitmap" linkageExportForAS="" linkageClassName=""/><item name="72173499316305260000" itemType="Bitmap" linkageExportForAS="" linkageClassName=""/><item name="72211567595327020000" itemType="Bitmap" linkageExportForAS="" linkageClassName=""/><item name="96475194093953020000" itemType="Bitmap" linkageExportForAS="" linkageClassName=""/><item name="98632234777083170000" itemType="Bitmap" linkageExportForAS="" linkageClassName=""/><item name="99531114133146300000" itemType="Bitmap" linkageExportForAS="" linkageClassName=""/></library><timelines><timeline name="93743274388960610000"><frame index="0" labels=""><element name="screen" elementType="Sprite" libraryItem="ScreenArea" x="20" y="134" width="600" height="512" scaleX="1" scaleY="0.7950286865234375" rotation="0" alpha="100"></element><element name="instance1" elementType="Sprite" libraryItem="BorderLine" x="" y="138" width="21" height="500" scaleX="1" scaleY="1.2254638671875" rotation="0" alpha="100"></element><element name="instance2" elementType="Sprite" libraryItem="BorderLine" x="619" y="138" width="21" height="500" scaleX="1" scaleY="1.2255096435546875" rotation="0" alpha="100"></element><element name="instance3" elementType="Sprite" libraryItem="BorderDown" x="" y="635" width="640" height="29.55" scaleX="1" scaleY="1.0186767578125" rotation="0" alpha="100"></element><element name="instance4" elementType="Sprite" libraryItem="BorderUp" x="" y="118" width="639.75" height="33.9" scaleX="1.1695556640625" scaleY="1.1695556640625" rotation="0" alpha="100"></element><element name="instance5" elementType="Sprite" libraryItem="MoniterDown" x="323" y="820" width="271" height="162" scaleX="1" scaleY="1" rotation="0" alpha="100"></element><element name="instance6" elementType="Sprite" libraryItem="untitled folder 1/shape 10" x="" y="480" width="640" height="480" scaleX="1" scaleY="1" rotation="0" alpha="100"></element><element name="instance7" elementType="Sprite" libraryItem="untitled folder 1/shape 10" x="" y="" width="640" height="480" scaleX="1" scaleY="1" rotation="0" alpha="100"></element></frame></timeline><timeline name="BorderDown"><frame index="0" labels=""><element name="tip_btn" elementType="Button" libraryItem="untitled folder 1/button 37" x="80" y="18.65" width="7" height="14.05" scaleX="1.1695556640625" scaleY="1.1695556640625" rotation="0" alpha="100"></element><element name="sound_btn" elementType="Button" libraryItem="untitled folder 1/button 34" x="40.45" y="18.35" width="12.85" height="17.55" scaleX="1.1695556640625" scaleY="1.1695556640625" rotation="0" alpha="100"></element><element name="grid_btn" elementType="Button" libraryItem="button 30" x="60.65" y="18.3" width="18.7" height="18.7" scaleX="1.1695556640625" scaleY="1.1695556640625" rotation="0" alpha="100"></element><element name="instance8" elementType="Sprite" libraryItem="untitled folder 1/sprite 25" x="558" y="18.7" width="105.3" height="9.35" scaleX="1.1695556640625" scaleY="1.1695556640625" rotation="0" alpha="100"><filters><filter name="bevelFilter" angle="45" blurX="2" blurY="2" brightness="" color="#000000" contrast="" distance="1" enabled="true" hideObject="" highlightColor="#FFFFFF" hue="" inner="true" knockout="" quality="high" saturation="" shadowColor="#000000" strength="28" type="inner"/><filter name="glowFilter" angle="45" blurX="2" blurY="2" brightness="" color="#000000" contrast="" distance="4" enabled="true" hideObject="" highlightColor="" hue="" inner="" knockout="" quality="high" saturation="" shadowColor="" strength="65" type=""/></filters></element><element name="" elementType="Bitmap" libraryItem="69819050419319060000" x="" y="" width="640" height="29" scaleX="1" scaleY="1" rotation="0" alpha="100"></element></frame></timeline><timeline name="BorderLine"><frame index="0" labels=""><element name="" elementType="Bitmap" libraryItem="41999326931556970000" x="" y="" width="21" height="408" scaleX="1" scaleY="1" rotation="0" alpha="100"></element></frame></timeline><timeline name="BorderUp"><frame index="0" labels=""><element name="" elementType="Bitmap" libraryItem="21380384573111500000" x="" y="" width="547" height="29" scaleX="1" scaleY="1" rotation="0" alpha="100"></element></frame></timeline><timeline name="button 30"><frame index="0" labels=""><element name="" elementType="Sprite" libraryItem="untitled folder 1/shape 27 (Up)" x="" y="" width="16" height="16" scaleX="1" scaleY="1" rotation="0" alpha="100"></element></frame><frame index="1" labels=""><element name="" elementType="Sprite" libraryItem="untitled folder 1/shape 28 (Over Down)" x="" y="" width="16" height="16" scaleX="1" scaleY="1" rotation="0" alpha="100"></element></frame><frame index="2" labels=""><element name="" elementType="Sprite" libraryItem="untitled folder 1/shape 28 (Over Down)" x="" y="" width="16" height="16" scaleX="1" scaleY="1" rotation="0" alpha="100"></element></frame><frame index="3" labels=""><element name="" elementType="Sprite" libraryItem="untitled folder 1/shape 29 (Hit)" x="" y="" width="15" height="15" scaleX="1" scaleY="1" rotation="0" alpha="100"></element></frame></timeline><timeline name="MoniterDown"><frame index="0" labels=""><element name="" elementType="Bitmap" libraryItem="43825163740993010000" x="-63" y="-162" width="126" height="120" scaleX="1" scaleY="0.3785400390625" rotation="0" alpha="100"></element><element name="" elementType="Bitmap" libraryItem="39714184272488295000" x="-135" y="-73" width="271" height="73" scaleX="1" scaleY="1" rotation="0" alpha="100"></element></frame></timeline><timeline name="ScreenArea"><frame index="0" labels=""><element name="" elementType="Bitmap" libraryItem="72173499316305260000" x="" y="" width="600" height="644" scaleX="1" scaleY="1" rotation="0" alpha="100"></element></frame></timeline><timeline name="untitled folder 1/button 34"><frame index="0" labels=""><element name="" elementType="Sprite" libraryItem="untitled folder 1/shape 31 (Up)" x="" y="" width="11" height="15" scaleX="1" scaleY="1" rotation="0" alpha="100"></element></frame><frame index="1" labels=""><element name="" elementType="Sprite" libraryItem="untitled folder 1/shape 32 (Over Down)" x="" y="" width="11" height="15" scaleX="1" scaleY="1" rotation="0" alpha="100"></element></frame><frame index="2" labels=""><element name="" elementType="Sprite" libraryItem="untitled folder 1/shape 32 (Over Down)" x="" y="" width="11" height="15" scaleX="1" scaleY="1" rotation="0" alpha="100"></element></frame><frame index="3" labels=""><element name="" elementType="Sprite" libraryItem="untitled folder 1/shape 33 (Hit)" x="" y="" width="12" height="15" scaleX="1" scaleY="1" rotation="0" alpha="100"></element></frame></timeline><timeline name="untitled folder 1/button 37"><frame index="0" labels=""><element name="" elementType="Sprite" libraryItem="untitled folder 1/shape 35 (Up)" x="" y="" width="6" height="12" scaleX="1" scaleY="1" rotation="0" alpha="100"></element></frame><frame index="1" labels=""><element name="" elementType="Sprite" libraryItem="untitled folder 1/shape 36 (Over Down)" x="" y="" width="6" height="12" scaleX="1" scaleY="1" rotation="0" alpha="100"></element></frame><frame index="2" labels=""><element name="" elementType="Sprite" libraryItem="untitled folder 1/shape 36 (Over Down)" x="" y="" width="6" height="12" scaleX="1" scaleY="1" rotation="0" alpha="100"></element></frame><frame index="3" labels=""><element name="" elementType="Sprite" libraryItem="untitled folder 1/shape 7 (Hit)" x="" y="" width="15" height="16" scaleX="1" scaleY="1" rotation="0" alpha="100"></element></frame></timeline><timeline name="untitled folder 1/shape 7 (Hit)"><frame index="0" labels=""><element name="" elementType="Bitmap" libraryItem="02116336521949802000" x="-7.5" y="-7.7" width="15" height="16" scaleX="1" scaleY="1" rotation="0" alpha="100"></element></frame></timeline><timeline name="untitled folder 1/shape 10"><frame index="0" labels=""><element name="" elementType="Bitmap" libraryItem="41109933502580630000" x="" y="" width="640" height="480" scaleX="1" scaleY="1" rotation="0" alpha="100"></element></frame></timeline><timeline name="untitled folder 1/shape 24"><frame index="0" labels=""><element name="" elementType="Bitmap" libraryItem="49479718137056450000" x="-45" y="-3.95" width="90" height="8" scaleX="1" scaleY="1" rotation="0" alpha="100"></element></frame></timeline><timeline name="untitled folder 1/shape 27 (Up)"><frame index="0" labels=""><element name="" elementType="Bitmap" libraryItem="02295079382958165000" x="-7.9" y="-7.9" width="16" height="16" scaleX="1" scaleY="1" rotation="0" alpha="100"></element></frame></timeline><timeline name="untitled folder 1/shape 28 (Over Down)"><frame index="0" labels=""><element name="" elementType="Bitmap" libraryItem="30247729671032840000" x="-7.9" y="-7.9" width="16" height="16" scaleX="1" scaleY="1" rotation="0" alpha="100"></element></frame></timeline><timeline name="untitled folder 1/shape 29 (Hit)"><frame index="0" labels=""><element name="" elementType="Bitmap" libraryItem="99531114133146300000" x="-7.8" y="-7.6" width="15" height="15" scaleX="1" scaleY="1" rotation="0" alpha="100"></element></frame></timeline><timeline name="untitled folder 1/shape 31 (Up)"><frame index="0" labels=""><element name="" elementType="Bitmap" libraryItem="63054841687883320000" x="-5.45" y="-7.7" width="11" height="15" scaleX="1" scaleY="1" rotation="0" alpha="100"></element></frame></timeline><timeline name="untitled folder 1/shape 32 (Over Down)"><frame index="0" labels=""><element name="" elementType="Bitmap" libraryItem="72211567595327020000" x="-5.45" y="-7.7" width="11" height="15" scaleX="1" scaleY="1" rotation="0" alpha="100"></element></frame></timeline><timeline name="untitled folder 1/shape 33 (Hit)"><frame index="0" labels=""><element name="" elementType="Bitmap" libraryItem="14095465468202983000" x="-6.4" y="-7.15" width="12" height="15" scaleX="1" scaleY="1" rotation="0" alpha="100"></element></frame></timeline><timeline name="untitled folder 1/shape 35 (Up)"><frame index="0" labels=""><element name="" elementType="Bitmap" libraryItem="96475194093953020000" x="-3.2" y="-6.1" width="6" height="12" scaleX="1" scaleY="1" rotation="0" alpha="100"></element></frame></timeline><timeline name="untitled folder 1/shape 36 (Over Down)"><frame index="0" labels=""><element name="" elementType="Bitmap" libraryItem="98632234777083170000" x="-3.15" y="-6.1" width="6" height="12" scaleX="1" scaleY="1" rotation="0" alpha="100"></element></frame></timeline><timeline name="untitled folder 1/sprite 25"><frame index="0" labels=""><element name="" elementType="Sprite" libraryItem="untitled folder 1/shape 24" x="" y="" width="90" height="8" scaleX="1" scaleY="1" rotation="0" alpha="100"></element></frame></timeline></timelines></DOMDocument>